Origin Dairy Name,Origin Dairy Address,Hauler Name,Hauler Address,Destination Name,Destination Address,Destination Type,Destination Assessor Parcel Number,Haul Date,Wastewater Haul Type,Total Process Wastewater Exports (Gallons),Method Used to Determine Wastewater Volume,Manure Haul Type,Total Manure Amount (tons),Method Used to Determine Manure Volume,Source PDF,Manifest Number
,"10221 Ave 21 1/2, Madera, CA 93610",,"11277 Ave 21 1/2, Chowchilla, CA 93610",,"10221 Ave 21 1/2, Madera, 93610",,,,,nan,,,nan,,2024AR_Silveira Dairy_11277 Ave 21.5_Madera,1
,"10221 Ave 21 1/2, Madera, CA 93610",,"11277 Ave 21 1/2, Chowchilla, CA 93610",,"10221 Ave 21 1/2, Madera, 93610",,,,,nan,,,nan,,2024AR_Silveira Dairy_11277 Ave 21.5_Madera,2
,"10221 Ave 21 1/2, Madera, CA 93610",,"11277 Ave 21 1/2, Chowchilla, CA 93610",,"10221 Ave 21 1/2, Madera, 93610",,,,,nan,,,nan,,2024AR_Silveira Dairy_11277 Ave 21.5_Madera,3
,"10221 Ave 21 1/2, Madera, CA 93610",,"11277 Ave 21 1/2, Chowchilla, CA 93610",,"10221 Ave 21 1/2, Madera, 93610",,,,,nan,,,nan,,2024AR_Silveira Dairy_11277 Ave 21.5_Madera,4
,"10221 Ave 21 1/2, Madera, CA 93610",,"11277 Ave 21 1/2, Chowchilla, CA 93610",,"10221 Ave 21 1/2, Madera, 93610",,,,,nan,,,nan,,2024AR_Silveira Dairy_11277 Ave 21.5_Madera,5
,"12137 S Hughes Ave, Fresno, CA 93609",,"Fresno, CA 93609",,"Fresno, CA 93609",,,,,nan,,,nan,,2024AR_Golden Star Dairy_4109 E Conejo Ave_Fresno,1
,"6465 State Hwy, Merced, CA 93620",,"6465 State Hwy, Dos Palos, CA 93620",,"6465 State Hwy, Dos Palos, CA 93620",,,,,nan,,,nan,,"2024AR_Philip Verwey Dairy, Inc._12852 Road 9_Madera",1
,"6465 State Hwy, Merced, CA 93620",,"6465 State Hwy, Dos Palos, CA 93620",,"6465 State Hwy, Merced, 93620",,,,,nan,,,nan,,"2024AR_Philip Verwey Dairy, Inc._12852 Road 9_Madera",2
,"21622 CedarAvenue, Fresno, CA 93656",,,,,,,,,nan,,,nan,,2024AR_Cedar Avenue Feedlot_21622 S Cedar Ave_Fresno,1
,"21622 CedarAvenue, Fresno, CA 93656",,CA,,"Fresno, 93656",,,,,nan,,,nan,,2024AR_Cedar Avenue Feedlot_21622 S Cedar Ave_Fresno,2
,"7792 Nickle RD, Merced, CA 93620",,"14676 Avenue 14, Madera, CA 93637",,"7792 Nickle RD, Merced, 93620",,,,,nan,,,nan,,2024AR_TRI-Iest Dairy_16500 Ave 14_Madera,1
,"7792 Nickle RD, Merced, CA 93620",,"14676 Avenue 14, Madera, CA 93637",,"7792 Nickle RD, Merced, 93620",,,,,nan,,,nan,,2024AR_TRI-Iest Dairy_16500 Ave 14_Madera,2
,"7792 Nickle RD, Merced, CA 93620",,"14676 Avenue 14, Madera, CA 93637",,"7792 Nickle RD, Merced, 93620",,,,,nan,,,nan,,2024AR_TRI-Iest Dairy_16500 Ave 14_Madera,3
,"40396 W. Valeria Avenue, Fresno, CA 93620",,"40396 W. Valeria Avenue, Dos Palos, CA 93620",,"Fresno, 93620",,,,,nan,,,nan,,2024AR_Rivas Dairy_41198 W Valeria Ave_Fresno,1
,"40396 W. Valeria Avenue, Fresno, CA 93620",,"40396 W. Valeria Avenue, Dos Palos, CA 93620",,"Fresno, 93620",,,,,nan,,,nan,,2024AR_Rivas Dairy_41198 W Valeria Ave_Fresno,2
,"16800 Road 15, Madera, CA 93637",,"5175 Shaw AVE, Winton, CA 95388",,"16800 Road 15, Madera, 93637",,,,,nan,,,nan,,2024AR_Costa View Farms Dairy #2_16800 Road 15_Madera,1
,"18919 Avenue 23, Madera, CA 93610",,"18919 Avenue 23, Chowchilla, CA 93610",,"Madera, 93610",,,,,nan,,,nan,,2024AR_LaSalle Dairy_10663 7.5 Ave_Madera,1
,"13265 W. Jensen Avenue, Fresno, CA 93706",,"13265 W. Jensen Avenue, Kerman, CA 93630",,"Fresno, 93706",,,,,nan,,,nan,,2024AR_G & A Dairy #2_6043 S Madera Ave_Fresno,1
,"9256 S. Valentine Avenue, Fresno, CA 93706",,"9256 S. Valentine Avenue, Fresno, CA 93706",,"Fresno, 93706",,,,,nan,,,nan,,2024AR_G & A Dairy #2_6043 S Madera Ave_Fresno,2
,"9256 S. Valentine Avenue, Fresno, CA 93706",,"9256 S. Valentine Avenue, Fresno, CA 93706",,"Fresno, 93706",,,,,nan,,,nan,,2024AR_G & A Dairy #2_6043 S Madera Ave_Fresno,3
,"9256 S. Valentine Avenue, Fresno, CA 93706",,"9256 S. Valentine Avenue, Fresno, CA 93706",,"Fresno, 93706",,,,,nan,,,nan,,2024AR_G & A Dairy #2_6043 S Madera Ave_Fresno,4
,"10044 Flint Avenue, Hanford, CA 93230",,"10044 Flint Avenue, Hanford, CA 93230",,"Hanford, 93230",,,,,nan,,,nan,,2024AR_G & A Dairy #2_6043 S Madera Ave_Fresno,5
,"9256 S. Valentine Avenue, Fresno, CA 93706",,"9256 S. Valentine Avenue, Fresno, CA 93706",,"Fresno, 93706",,,,,nan,,,nan,,2024AR_G & A Dairy #2_6043 S Madera Ave_Fresno,6
,"9256 S. Valentine Avenue, Fresno, CA 93706",,"9256 S. Valentine Avenue, Fresno, CA 93706",,"Fresno, 93706",,,,,nan,,,nan,,2024AR_G & A Dairy #2_6043 S Madera Ave_Fresno,7
,"7792 Nickle RD, Merced, CA 93620",,"14676 Avenue 14, Madera, CA 93637",,"7792 Nickle RD, Merced, 93620",,,,,nan,,,nan,,2024AR_South Iest Dairy (former Milk Time Dairy)_12519 Road 16_Madera,1
,"7792 Nickle RD, Merced, CA 93620",,"14676 Avenue 14, Madera, CA 93637",,"7792 Nickle RD, Merced, 93620",,,,,nan,,,nan,,2024AR_South Iest Dairy (former Milk Time Dairy)_12519 Road 16_Madera,2
,"7792 Nickle RD, Merced, CA 93620",,"14676 Avenue 14, Madera, CA 93637",,"7792 Nickle RD, Merced, 93620",,,,,nan,,,nan,,2024AR_South Iest Dairy (former Milk Time Dairy)_12519 Road 16_Madera,3
,,,"133265 W. Kamm AVE, Kerman, CA 93656",,"Fresno, 93656",,,,,nan,,,nan,,2024AR_Kerman Cattle Company_4301 S Dickenson Ave_Fresno,1
,"10044 Flint AVE, Hanford, CA 93230",,,,"Hanford, 93230",,,,,nan,,,nan,,2024AR_Joe R. Garcia Dairy_20677 East Ave_Fresno,1
,"1275 North Avenue, Merced, CA 95322",,"1275 North Avenue, Gustine, CA 95322",,"1275 North Avenue, Merced, 95322",,,,,nan,,,nan,,2024AR_Banos Dairy_4667 Ave 23.5_Madera,1
,"1275 North Avenue, Merced, CA 95322",,"1275 North Avenue, Gustine, CA 95322",,"1275 North Avenue, Merced, 95322",,,,,nan,,,nan,,2024AR_Banos Dairy_4667 Ave 23.5_Madera,2
,"17076 Cotton Gin RD, Merced, CA 93635",,"24662 Road 9, Chowchilla, CA 93610",,"17076 Cotton Gin RD, Merced, 93635",,,,,nan,,,nan,,2024AR_Troost Dairy_27000 Road _Madera,1
,"20177 S MacAurthur DR, Tracy, CA 95304",,"24662 Road 9, Chowchilla, CA 93610",,"20177 S MacAurthur DR, Tracy, 95304",,,,,nan,,,nan,,2024AR_Troost Dairy_27000 Road _Madera,2
,"20177 S MacAurthur DR, Tracy, CA 95304",,"24662 Road 9, Chowchilla, CA 93610",,"20177 S MacAurthur DR, Tracy, 95304",,,,,nan,,,nan,,2024AR_Troost Dairy_27000 Road _Madera,3
,"2480 S Burchell AVE, Merced, CA 95333",,"24662 Road 9, Chowchilla, CA 93610",,"2480 S Burchell AVE, Merced, 95333",,,,,nan,,,nan,,2024AR_Troost Dairy_27000 Road _Madera,4
,"20177 S MacAurthur DR, Tracy, CA 95304",,"24662 Road 9, Chowchilla, CA 93610",,"20177 S MacAurthur DR, Tracy, 95304",,,,,nan,,,nan,,2024AR_Troost Dairy_27000 Road _Madera,5
,"3564 W. Clayton Street, Fresno, CA 93706",,"6205 S. Brawley Avenue, Fresno, CA 93706",,"Fresno, 93706",,,,,nan,,,nan,,2024AR_Frea Dairy LLC_6205 S Brawley Ave_Fresno,1
,"9685 S. Hughes Avenue, Fresno, CA 93706",,"9685 S. Hughes Avenue, Fresno, CA 93725",,"Fresno, 93706",,,,,nan,,,nan,,2024AR_Frea Dairy LLC_6205 S Brawley Ave_Fresno,2
,"9685 S. Hughes Avenue, Fresno, CA 93706",,"9685 S. Hughes Avenue, Fresno, CA 93725",,"Fresno, 93706",,,,,nan,,,nan,,2024AR_Frea Dairy LLC_6205 S Brawley Ave_Fresno,3
,"9685 S. Hughes Avenue, Fresno, CA 93706",,"9685 S. Hughes Avenue, Fresno, CA 93725",,"Fresno, 93706",,,,,nan,,,nan,,2024AR_Frea Dairy LLC_6205 S Brawley Ave_Fresno,4
,"3564 W. Clayton Street, Fresno, CA 93706",,"6205 S. Brawley Avenue, Fresno, CA 93706",,"Fresno, 93706",,,,,nan,,,nan,,2024AR_Frea Dairy LLC_6205 S Brawley Ave_Fresno,5
,"3564 W. Clayton Street, Fresno, CA 93706",,"6205 S. Brawley Avenue, Fresno, CA 93706",,"Fresno, 93706",,,,,nan,,,nan,,2024AR_Frea Dairy LLC_6205 S Brawley Ave_Fresno,6
,"9685 S. Hughes Avenue, Fresno, CA 93706",,"9685 S. Hughes Avenue, Fresno, CA 93725",,"Fresno, 93706",,,,,nan,,,nan,,2024AR_Frea Dairy LLC_6205 S Brawley Ave_Fresno,7
,"3564 W. Clayton Street, Fresno, CA 93706",,"6205 S. Brawley Avenue, Fresno, CA 93706",,"Fresno, 93706",,,,,nan,,,nan,,2024AR_Frea Dairy LLC_6205 S Brawley Ave_Fresno,8
,"3564 W. Clayton Street, Fresno, CA 93706",,"6205 S. Brawley Avenue, Fresno, CA 93706",,"Fresno, 93706",,,,,nan,,,nan,,2024AR_Frea Dairy LLC_6205 S Brawley Ave_Fresno,9
,,,,,"Fresno, CA 93656",,,,,nan,,,nan,,2024AR_J & D Wilson & Sons Dairy_11720 W Mt Whitney Ave_Fresno,1
,"19721 Excelsior AVE, Fresno, CA 93656",,,,93656,,,,,nan,,,nan,,2024AR_J & D Wilson & Sons Dairy_11720 W Mt Whitney Ave_Fresno,2
,"19721 Excelsior AVE, Fresno, CA 93656",,,,"Fresno, 93656",,,,,nan,,,nan,,2024AR_J & D Wilson & Sons Dairy_11720 W Mt Whitney Ave_Fresno,3
,"11751 W. Jensen Ave, Fresno, CA 93630",,"Kerman, CA 93630",,"8555 S Valentine AVE, Kerman, CA 93630",,,,,nan,,,nan,,2024AR_Souza_s Dairy_8555 S Valentine Ave_Fresno,1
,"11751 W. Jensen Ave, Fresno, CA 93630",,"Kerman, CA 93630",,"8555 S Valentine AVE, Kerman, CA 93630",,,,,nan,,,nan,,2024AR_Souza_s Dairy_8555 S Valentine Ave_Fresno,2
,"11751 W. Jensen Ave, Fresno, CA 93630",,"Kerman, CA 93630",,"11751 W. Jensen Ave, Fresno, 93630",,,,,nan,,,nan,,2024AR_Souza_s Dairy_8555 S Valentine Ave_Fresno,3
,,,,,,,,,,nan,,,nan,,2024AR_Fred Rau Dairy_10255 W Manning Ave_Fresno,1
,,,,,,,,,,nan,,,nan,,2024AR_Fred Rau Dairy_10255 W Manning Ave_Fresno,2
,,,,,,,,,,nan,,,nan,,2024AR_Fred Rau Dairy_10255 W Manning Ave_Fresno,3
,,,,,,,,,,nan,,,nan,,2024AR_Fred Rau Dairy_10255 W Manning Ave_Fresno,4
,,,,,,,,,,nan,,,nan,,2024AR_Fred Rau Dairy_10255 W Manning Ave_Fresno,5
,"7792 Nickle RD, Merced, CA 93620",,"14676 Ave 14, Madera, CA 93637",,"7792 Nickle RD, Merced, 93620",,,,,nan,,,nan,,2024AR_Iest Family Farms Dairy_14576 Ave 14_Madera,1
,"7792 Nickle RD, Merced, CA 93620",,"14676 Ave 14, Madera, CA 93637",,"7792 Nickle RD, Merced, 93620",,,,,nan,,,nan,,2024AR_Iest Family Farms Dairy_14576 Ave 14_Madera,2
,"7792 Nickle RD, Merced, CA 93620",,"14676 Ave 14, Madera, CA 93637",,"7792 Nickle RD, Merced, 93620",,,,,nan,,,nan,,2024AR_Iest Family Farms Dairy_14576 Ave 14_Madera,3
,"29808 Avenue 12, Madera, CA 93638",,"20330 Road 4, Chowchilla, CA 93610",,"29808 Avenue 12, Madera, 93638",,,,,nan,,,nan,,2024AR_Vlot Calf Ranch_20330 Road 4_Madera,1
,"29808 Avenue 12, Madera, CA 93638",,"20330 Road 4, Chowchilla, CA 93610",,"29808 Avenue 12, Madera, 93638",,,,,nan,,,nan,,2024AR_Vlot Calf Ranch_20330 Road 4_Madera,2
,"29808 Avenue 12, Madera, CA 93638",,"20330 Road 4, Chowchilla, CA 93610",,"29808 Avenue 12, Madera, 93638",,,,,nan,,,nan,,2024AR_Vlot Calf Ranch_20330 Road 4_Madera,3
,"18456 Road 1, Merced, CA 93620",,"20330 Road 4, Chowchilla, CA 93610",,"18456 Road 1, Merced, 93620",,,,,nan,,,nan,,2024AR_Vlot Calf Ranch_20330 Road 4_Madera,4
,"18456 Road 1, Merced, CA 93620",,"20330 Road 4, Chowchilla, CA 93610",,"18456 Road 1, Merced, 93620",,,,,nan,,,nan,,2024AR_Vlot Calf Ranch_20330 Road 4_Madera,5
,"3754 W Birch AVE, Fresno, CA 93711",,"3754 W Birch AVE, Fresno, CA 93711",,"3754 W Birch AVE, Fresno, 93711",,,,,nan,,,nan,,2024AR_White River Dairy_20400 Ave 17.5_Madera,1
,"3754 W Birch AVE, Fresno, CA 93711",,"3754 W Birch AVE, Fresno, CA 93711",,"3754 W Birch AVE, Fresno, 93711",,,,,nan,,,nan,,2024AR_White River Dairy_20400 Ave 17.5_Madera,2
,"11751 W. Jensen Avenue, Fresno, CA 93706",,"11751 W. Jensen Avenue, Kerman, CA 93630",,"Fresno, 93706",,,,,nan,,,nan,,2024AR_Big De Cattle Dairy_2947 W Manning Ave_Fresno,1
,"11751 W. Jensen Avenue, Fresno, CA 93706",,"11751 W. Jensen Avenue, Kerman, CA 93630",,"Fresno, 93706",,,,,nan,,,nan,,2024AR_Big De Cattle Dairy_2947 W Manning Ave_Fresno,2
,"11751 W. Jensen Avenue, Fresno, CA 93706",,"11751 W. Jensen Avenue, Kerman, CA 93630",,"Fresno, 93706",,,,,nan,,,nan,,2024AR_Big De Cattle Dairy_2947 W Manning Ave_Fresno,3
,"11751 W. Jensen Avenue, Fresno, CA 93706",,"11751 W. Jensen Avenue, Kerman, CA 93630",,"Fresno, 93706",,,,,nan,,,nan,,2024AR_Big De Cattle Dairy_2947 W Manning Ave_Fresno,4
,"24341 Avenue 14, Madera, CA 93637",,"5175 Shaw AVE, Winton, CA 95388",,"24341 Avenue 14, Madera, 93637",,,,,nan,,,nan,,2024AR_Costa View Dairy North_9499 Ave 20_Madera,1
,,,,,"10071 6th Avenue, Hanford, 93230",,,,,nan,,,nan,,2024AR_Maple Dairy_19860 Maple St_Fresno,1
,,,,,"10071 6th Avenue, Hanford, 93230",,,,,nan,,,nan,,2024AR_Zonneveld Dairies Complex_1560 Cerini Ave_Fresno,1
,,,,,"10071 6th Avenue, Hanford, 93230",,,,,nan,,,nan,,2024AR_River Oaks Dairy_3621 E Mt. Whitney Ave_Fresno,1
,,,,,"2200 S. Marks Avenue, 93630",,,,,nan,,,nan,,2024AR_G & A Dairy_2200 S Marks Ave_Fresno,1
,,,,,"2200 S. Marks Avenue, 93630",,,,,nan,,,nan,,2024AR_G & A Dairy_2200 S Marks Ave_Fresno,2
,,,,,"2200 S. Marks Avenue, 93630",,,,,nan,,,nan,,2024AR_G & A Dairy_2200 S Marks Ave_Fresno,3
,,,,,"2200 S. Marks Avenue, 93630",,,,,nan,,,nan,,2024AR_G & A Dairy_2200 S Marks Ave_Fresno,4
,,,,,"2200 S. Marks Avenue, 93630",,,,,nan,,,nan,,2024AR_G & A Dairy_2200 S Marks Ave_Fresno,5
,,,,,,,,,,nan,,,nan,,"2024AR_Kiss Cattle, LLC_2585 S Chateau Fresno Ave_Fresno",1
,,,,,,,,,,nan,,,nan,,"2024AR_Kiss Cattle, LLC_2585 S Chateau Fresno Ave_Fresno",2
,,,,,,,,,,nan,,,nan,,"2024AR_Kiss Cattle, LLC_2585 S Chateau Fresno Ave_Fresno",3
,"18108 Lexington Ave, Merced, CA 93620",,"18108 Lexington Ave, Dos Palos, CA 93620",,"Merced, 93620",,,,,nan,,,nan,,15373 S Flanagan Rd Dos Palos 2024 Poultry AR,1
,"18108 Lexington Ave, Merced, CA 93620",,"18108 Lexington Ave, Dos Palos, CA 93620",,"Merced, 93620",,,,,nan,,,nan,,15373 S Flanagan Rd Dos Palos 2024 Poultry AR,2
,"5631 Zeering Rd, Turlock, CA 95307",,"6706 Elaine Rd, Turlock, CA 95380",,"5631 Zeering Rd, 95307",,,,,nan,,,nan,,"6706 Elaine RD, Turlock 2024 Dairy AR",1
,"5631 Zeering Rd, Turlock, CA 95307",,"6706 Elaine Rd, Turlock, CA 95380",,"5631 Zeering Rd, 95307",,,,,nan,,,nan,,"6706 Elaine RD, Turlock 2024 Dairy AR",2
,"23839 W Bloss AVE, Merced, CA 95324",,"7689 Washington RD, Hilmar, CA 95324",,"23839 W Bloss AVE, Merced, 95324",,,,,nan,,,nan,,"7689 Washington Rd, Hilmar 2024 Dairy AR",1
,"11708 E Moncure Ave, Manteca, CA 95366",,"11708 E Moncure Ave, CA 95366",,"Manteca, 95366",,,,,nan,,,nan,,8350 E Brady Ave Manteca 2024 Dairy AR,1
,"11708 E Moncure Ave, Manteca, CA 95366",,"11708 E Moncure Ave, CA 95366",,"Manteca, 95366",,,,,nan,,,nan,,8350 E Brady Ave Manteca 2024 Dairy AR,2
,"Merced, CA 95315",,CA 95315,,"Merced, 95315",,,,,nan,,,nan,,9207 American Ave Hilmar 2024 Dairy AR,1
,"Merced, CA 95315",,CA 95315,,"Merced, 95315",,,,,nan,,,nan,,9207 American Ave Hilmar 2024 Dairy AR,2
,"720 Jefferson AVE, Merced, CA 93635",,"2930 Geer RD, Turlock, CA 95382",,"720 Jefferson AVE, Merced, 93635",,,,,nan,,,nan,,14903 S Volta Rd Los Banos 2024 Dairy AR,1
,"720 Jefferson AVE, Merced, CA 93635",,"720 Jfferson AVE, CA 93635",,"720 Jefferson AVE, Merced, 93635",,,,,nan,,,nan,,14903 S Volta Rd Los Banos 2024 Dairy AR,2
,"12710 S Wilson RD, Merced, CA 95322",,"10652 Newsom RD, Gustine, CA 95322",,"Merced, 95322",,,,,nan,,,nan,,10652 Newsome Rd Gustine 2024 Dairy AR,1
,"12710 S Wilson RD, Merced, CA 95322",,"10652 Newsom RD, Gustine, CA 95322",,"Merced, 95322",,,,,nan,,,nan,,10652 Newsome Rd Gustine 2024 Dairy AR,2
,"Merced, CA 95324",,"Hilmar, CA 95324",,"Merced, 95324",,,,,nan,,,nan,,"9558 Columbus Ave, Hilmar 2024 Dairy AR",1
,"Merced, CA 95324",,"Hilmar, CA 95324",,"Merced, 95324",,,,,nan,,,nan,,"9558 Columbus Ave, Hilmar 2024 Dairy AR",2
,"Merced, CA 95324",,"Hilmar, CA 95324",,"Merced, 95324",,,,,nan,,,nan,,"9558 Columbus Ave, Hilmar 2024 Dairy AR",3
,"Merced, CA 95324",,"Hilmar, CA 95324",,"Merced, 95324",,,,,nan,,,nan,,"9558 Columbus Ave, Hilmar 2024 Dairy AR",4
,"Merced, CA 95324",,"Hilmar, CA 95324",,"Merced, 95324",,,,,nan,,,nan,,"9558 Columbus Ave, Hilmar 2024 Dairy AR",5
,"Merced, CA 95324",,"Hilmar, CA 95324",,"Merced, 95324",,,,,nan,,,nan,,"9558 Columbus Ave, Hilmar 2024 Dairy AR",6
,"Merced, CA 95324",,"Hilmar, CA 95324",,"Merced, 95324",,,,,nan,,,nan,,"9558 Columbus Ave, Hilmar 2024 Dairy AR",7
,"Merced, CA 95324",,"Hilmar, CA 95324",,"Merced, 95324",,,,,nan,,,nan,,"9558 Columbus Ave, Hilmar 2024 Dairy AR",8
,,,,,,,,,,nan,,,nan,,"9558 Columbus Ave, Hilmar 2024 Dairy AR",9
,"Merced, CA 95322",,"Newman, CA 95360",,"Merced, 95322",,,,,nan,,,nan,,27890 W Brazo Rd Newman 2024 Dairy AR,1
,"Merced, CA 95322",,"Newman, CA 95360",,"Merced, 95322",,,,,nan,,,nan,,27890 W Brazo Rd Newman 2024 Dairy AR,2
,"Merced, CA 95322",,"Newman, CA 95360",,"Merced, 95322",,,,,nan,,,nan,,27890 W Brazo Rd Newman 2024 Dairy AR,3
,"Merced, CA 95380",,CA 95315,,"Merced, 95380",,,,,nan,,,nan,,"11076 Vincent Rd, Turlock 2024 Dairy AR",1
,"22846 2nd Ave, Merced, CA 95374",,"22846 2nd Ave, CA 95374",,"Merced, 95374",,,,,nan,,,nan,,3701 Langworth Rd Modesto 2024 Dairy AR,1
,"22846 2nd Ave, Merced, CA 95374",,"22846 2nd Ave, CA 95374",,"Merced, 95374",,,,,nan,,,nan,,3701 Langworth Rd Modesto 2024 Dairy AR,2
,"Merced, CA 95317",,CA 95317,,"Merced, 95317",,,,,nan,,,nan,,7618 S Hwy 59 El Nido 2024 Dairy AR,1
,"Merced, CA 95317",,CA 95317,,"Merced, 95317",,,,,nan,,,nan,,7618 S Hwy 59 El Nido 2024 Dairy AR,2
,"111 Youngstown Rd, Merced, CA 95380",,"Hilmar, CA 95324",,"Merced, 95380",,,,,nan,,,nan,,16489 August Ave Delhi 2024 Dairy AR,1
,"Merced, CA 95317",,CA 95317,,"Merced, 95317",,,,,nan,,,nan,,1257 W Roosevelt Rd El Nido 2024 Dairy AR,1
,"Merced, CA 95317",,CA 95317,,"Merced, 95317",,,,,nan,,,nan,,1257 W Roosevelt Rd El Nido 2024 Dairy AR,2
,"Merced, CA 95317",,CA 95317,,"Merced, 95317",,,,,nan,,,nan,,1257 W Roosevelt Rd El Nido 2024 Dairy AR,3
,"29191 Husman Rd, Merced, CA 95322",,"29191 Husman Rd, Gustine, CA 95322",,"Merced, 95322",,,,,nan,,,nan,,29191 W Husman Rd Gustine 2024 Dairy AR,1
,"29191 Husman Rd, Merced, CA 95322",,"29191 Husman Rd, Gustine, CA 95322",,"Merced, 95322",,,,,nan,,,nan,,29191 W Husman Rd Gustine 2024 Dairy AR,2
,"Merced, CA 95322",,"Gustine, CA 95322",,"Merced, 95322",,,,,nan,,,nan,,9201 Hilmar Rd Turlock 2024 Dairy AR,1
,"Merced, CA 95322",,"Gustine, CA 95322",,"Merced, 95322",,,,,nan,,,nan,,9201 Hilmar Rd Turlock 2024 Dairy AR,2
,"3410 S Hunt RD, Gustine, CA 95322",,"3410 S Hunt RD, Gustine, CA 95322",,"Gustine, 95322",,,,,nan,,,nan,,"21330 W Second Ave, Stevinson 2024 Dairy AR",1
,"4390 N Fox Rd, Merced, CA 95340",,"4390 N Fox Rd, Merced, CA 95340",,"Merced, 95340",,,,,nan,,,nan,,4390 N Fox Rd Merced 2024 Dairy AR,1
,"4390 N Fox Rd, Merced, CA 95340",,"4390 N Fox Rd, Merced, CA 95340",,"Merced, 95340",,,,,nan,,,nan,,4390 N Fox Rd Merced 2024 Dairy AR,2
,"Merced, CA 95315",,CA 95315,,"Merced, 95315",,,,,nan,,,nan,,7581 N Merced Ave 2024 Dairy AR,1
,"22846 2nd Ave, Merced, CA 95374",,"22846 2nd Ave, CA 95374",,"Merced, 95374",,,,,nan,,,nan,,3130 De Witt Rd Modesto 2024 Dairy AR,1
,"22846 2nd Ave, Merced, CA 95374",,"22846 2nd Ave, CA 95374",,"Merced, 95374",,,,,nan,,,nan,,5201 Milnes Rd Modesto 2024 Dairy AR,1
,"22846 2nd Ave, Merced, CA 95374",,"22846 2nd Ave, CA 95374",,"Merced, 95374",,,,,nan,,,nan,,5201 Milnes Rd Modesto 2024 Dairy AR,2
,"3130 Dewitt Rd, Modesto, CA 95357",,"22846 2nd Ave, CA 95374",,"Modesto, 95357",,,,,nan,,,nan,,5201 Milnes Rd Modesto 2024 Dairy AR,3
,"22759 Mercy Springs RD, Merced, CA 93635",,"2930 Geer Rd, Turlock, CA 95382",,"Merced, 93635",,,,,nan,,,nan,,22759 S Mercy Springs Rd Los Banos 2024 Dairy AR,1
,"22759 Mercy Springs RD, Merced, CA 93635",,"6465 W Hwy, Dos Palos, CA 93620",,"Merced, 93635",,,,,nan,,,nan,,22759 S Mercy Springs Rd Los Banos 2024 Dairy AR,2
,"3026 Gurr Rd, Merced, CA 95301",,"2892 N Gurr Rd, Atwater, CA 95301",,"Merced, 95301",,,,,nan,,,nan,,2892 N Gurr Rd Atwater 2024 Dairy AR,1
,"20399 Williams AVE, Hilmar, CA 95324",,"20399 Williams AVE, Hilmar, CA 95324",,"Hilmar, 95324",,,,,nan,,,nan,,931 S Blaker Rd Turlock 2024 Dairy AR,1
,"10581 S Carpentar RD, Gustine, CA 95313",,"219 Jensen RD, Gustine, CA 95322",,"10581 S Carpentar RD, CA 95313",,,,,nan,,,nan,,1100 Ruble Rd Crows Landing 2024 Dairy AR,1
,"10581 S Carpentar RD, Gustine, CA 95313",,"219 Jensen RD, Gustine, CA 95322",,"10581 S Carpentar RD, CA 95313",,,,,nan,,,nan,,1100 Ruble Rd Crows Landing 2024 Dairy AR,2
,"6885 Oak Ave, Merced, CA 95301",,"Turlock, CA 95381",,"Merced, 95301",,,,,nan,,,nan,,6480 W Bailey Rd Atwater 2024 Dairy AR,1
,"6885 Oak Ave, Merced, CA 95301",,"Turlock, CA 95381",,"Merced, 95301",,,,,nan,,,nan,,6480 W Bailey Rd Atwater 2024 Dairy AR,2
,"6885 Oak Ave, Merced, CA 05301",,"Turlock, CA 95381",,"Merced, 05301",,,,,nan,,,nan,,6480 W Bailey Rd Atwater 2024 Dairy AR,3
,"6885 Oak Ave, Merced, CA 95301",,"Turlock, CA 95381",,"Merced, 95301",,,,,nan,,,nan,,6480 W Bailey Rd Atwater 2024 Dairy AR,4
,"400 N Central Ave, Turlock, CA 95380",,"400 N Central Ave, Turlock, CA 95380",,"400 N Central Ave, Turlock, 95380",,,,,nan,,,nan,,"3107 S Prairie Flower Rd, Turlock 2024 Dairy AR",1
,"400 N Central Ave, Turlock, CA 95382",,"400 N Central Ave, Turlock, CA 95380",,"400 N Central Ave, Turlock, 95382",,,,,nan,,,nan,,"3107 S Prairie Flower Rd, Turlock 2024 Dairy AR",2
,"400 N Central Ave, Turlock, CA 95380",,"400 N Central Ave, Turlock, CA 95380",,"400 N Central Ave, Turlock, 95380",,,,,nan,,,nan,,"3107 S Prairie Flower Rd, Turlock 2024 Dairy AR",3
,"400 N Central Ave, Turlock, CA 95380",,"400 N Central Ave, Turlock, CA 95380",,"400 N Central Ave, Turlock, 95380",,,,,nan,,,nan,,"3107 S Prairie Flower Rd, Turlock 2024 Dairy AR",4
,"400 N Central Ave, Turlock, CA 95380",,"400 N Central Ave, Turlock, CA 95380",,"400 N Central Ave, Turlock, 95380",,,,,nan,,,nan,,"3107 S Prairie Flower Rd, Turlock 2024 Dairy AR",5
,"400 N Central Ave, Turlock, CA 95380",,"400 N Central Ave, Turlock, CA 95380",,"400 N Central Ave, Turlock, 95380",,,,,nan,,,nan,,"3107 S Prairie Flower Rd, Turlock 2024 Dairy AR",6
,"400 N Central Ave, Turlock, CA 95380",,"400 N Central Ave, Turlock, CA 95380",,"400 N Central Ave, Turlock, 95380",,,,,nan,,,nan,,"3107 S Prairie Flower Rd, Turlock 2024 Dairy AR",7
,"400 N Central Ave, Turlock, CA 95380",,"400 N Central Ave, Turlock, CA 95380",,"400 N Central Ave, Turlock, 95380",,,,,nan,,,nan,,"3107 S Prairie Flower Rd, Turlock 2024 Dairy AR",8
,"400 N Central Ave, Turlock, CA 95380",,"400 N Central Ave, Turlock, CA 95380",,"400 N Central Ave, Turlock, 95380",,,,,nan,,,nan,,"3107 S Prairie Flower Rd, Turlock 2024 Dairy AR",9
,"400 N Central Ave, Turlock, CA 95380",,"400 N Central Ave, Turlock, CA 95380",,"400 N Central Ave, Turlock, 95380",,,,,nan,,,nan,,"3107 S Prairie Flower Rd, Turlock 2024 Dairy AR",10
,"400 N Central Ave, Turlock, CA 95380",,"400 N Central Ave, Turlock, CA 95380",,"400 N Central Ave, Turlock, 95380",,,,,nan,,,nan,,"3107 S Prairie Flower Rd, Turlock 2024 Dairy AR",11
,,,,,,,,,,nan,,,nan,,3354 W Whitmore Ave Modesto 2024 Dairy AR,1
,"8353 Rexford Dr, Merced, CA 95324",,"8353 Rexford Drive, Hilmar, CA 95324",,"Merced, 95324",,,,,nan,,,nan,,5217 Oak Ave Merced 2024 Dairy AR,1
,"8353 Rexford Dr, Merced, CA 95324",,"8353 Rexford Drive, Hilmar, CA 95324",,"Merced, 95324",,,,,nan,,,nan,,5217 Oak Ave Merced 2024 Dairy AR,2
,"8353 Rexford Dr, Merced, CA 95324",,"8353 Rexford Drive, Hilmar, CA 95324",,"Merced, 95324",,,,,nan,,,nan,,5217 Oak Ave Merced 2024 Dairy AR,3
,"10310 Reese RD, Merced, CA 95365",,"Hilmar, CA 95324",,Merced,,,,,nan,,,nan,,1901 N Hayden Rd Le Grand 2024 Dairy AR,1
,"10310 Reese RD, Merced, CA 95365",,"Hilmar, CA 95324",,Merced,,,,,nan,,,nan,,1901 N Hayden Rd Le Grand 2024 Dairy AR,2
,"10310 Reese RD, Merced, CA 95365",,"Hilmar, CA 95324",,Merced,,,,,nan,,,nan,,1901 N Hayden Rd Le Grand 2024 Dairy AR,3
,"10310 Reese RD, Merced, CA 95365",,"Hilmar, CA 95324",,Merced,,,,,nan,,,nan,,1901 N Hayden Rd Le Grand 2024 Dairy AR,4
,"19615 Geer AVE, Merced, CA 95324",,"Hilmar, CA 95324",,"19615 Geer AVE, Merced, 95324",,,,,nan,,,nan,,1901 N Hayden Rd Le Grand 2024 Dairy AR,5
,"19615 Geer AVE, Merced, CA 95324",,"Hilmar, CA 95324",,"19615 Geer AVE, Merced, 95324",,,,,nan,,,nan,,1901 N Hayden Rd Le Grand 2024 Dairy AR,6
,"19615 Geer AVE, Merced, CA 95324",,"Hilmar, CA 95324",,"19615 Geer AVE, Merced, 95324",,,,,nan,,,nan,,1901 N Hayden Rd Le Grand 2024 Dairy AR,7
,"900 Meredith AVE, Merced, CA 95322",,"900 Meredith AVE, Gustine, CA 95322",,"900 Meredith AVE, Merced, 95322",,,,,nan,,,nan,,28470 W Cottonwood Rd Gustine 2024 Dairy AR,1
,"5175 Shaw AVE, Merced, CA 95317",,"5175 Shaw AVE, Winton, CA 95388",,Merced,,,,,nan,,,nan,,508 W Roosevelt Rd El Nido 2024 Dairy AR,1
,"1021 W El Nido RD, Merced, CA 95317",,"Hilmar, CA 95324",,"1021 W El Nido RD, Merced, 95317",,,,,nan,,,nan,,508 W Roosevelt Rd El Nido 2024 Dairy AR,2
,"22339 Crane AVE, Merced, CA 95324",,"7413 S Mitchell RD, Turlock, CA 95380",,Merced,,,,,nan,,,nan,,"7706 Tegner Rd, Hilmar 2024 Dairy AR",1
,"22339 Crane AVE, Merced, CA 95324",,"7413 S Mitchell RD, Turlock, CA 95380",,Merced,,,,,nan,,,nan,,"7706 Tegner Rd, Hilmar 2024 Dairy AR",2
,"22339 Crane AVE, Merced, CA 95324",,"7413 S Mitchell RD, Turlock, CA 95380",,Merced,,,,,nan,,,nan,,"7706 Tegner Rd, Hilmar 2024 Dairy AR",3
,"22339 Crane AVE, Merced, CA 95324",,"7413 S Mitchell RD, Turlock, CA 95380",,Merced,,,,,nan,,,nan,,"7706 Tegner Rd, Hilmar 2024 Dairy AR",4
,"22339 Crane AVE, Merced, CA 95324",,"7413 S Mitchell RD, Turlock, CA 95380",,Merced,,,,,nan,,,nan,,"7706 Tegner Rd, Hilmar 2024 Dairy AR",5
,"Modesto, CA 95358",,"Modesto, CA 95358",,"Modesto, CA 95358",,,,,nan,,,nan,,6506 Vivian Rd Modesto 2024 Dairy AR,1
,"1510 Washington RD, Merced, CA 94317",,"Winton, CA 95388",,"1510 Washington RD, Merced, 94317",,,,,nan,,,nan,,921 W Sandy Mush Rd Merced 2024 Dairy AR,1
,"5175 Shaw AVE, Merced, CA 94317",,"Winton, CA 95388",,"Merced, 94317",,,,,nan,,,nan,,921 W Sandy Mush Rd Merced 2024 Dairy AR,2
,"5175 Shaw AVE, Merced, CA 94317",,"Winton, CA 95388",,"Merced, 94317",,,,,nan,,,nan,,921 W Sandy Mush Rd Merced 2024 Dairy AR,3
,"5175 Shaw AVE, Merced, CA 94317",,"Winton, CA 95388",,"Merced, 94317",,,,,nan,,,nan,,921 W Sandy Mush Rd Merced 2024 Dairy AR,4
,"5175 Shaw AVE, Merced, CA 94317",,"Winton, CA 95388",,"Merced, 94317",,,,,nan,,,nan,,921 W Sandy Mush Rd Merced 2024 Dairy AR,5
,"5175 Shaw AVE, Merced, CA 95355",,"Winton, CA 95388",,"Merced, 95355",,,,,nan,,,nan,,921 W Sandy Mush Rd Merced 2024 Dairy AR,6
,"5175 Shaw AVE, Merced, CA 94317",,"Winton, CA 95388",,"Merced, 94317",,,,,nan,,,nan,,921 W Sandy Mush Rd Merced 2024 Dairy AR,7
,"28366 W Husman RD, Merced, CA 95322",,"900 Meredith AVE, Gustine, CA 95322",,"28366 W Husman RD, Merced, 95322",,,,,nan,,,nan,,27500 W Bunker Rd Gustine 2024 Dairy AR,1
,"28366 W Husman RD, Merced, CA 95322",,"900 Meredith AVE, Gustine, CA 95322",,"28366 W Husman RD, Merced, 95322",,,,,nan,,,nan,,27500 W Bunker Rd Gustine 2024 Dairy AR,2
,"28366 W Husman RD, Merced, CA 95322",,"900 Meredith AVE, Gustine, CA 95322",,"28366 W Husman RD, Merced, 95322",,,,,nan,,,nan,,27500 W Bunker Rd Gustine 2024 Dairy AR,3
,"28366 W Husman RD, Merced, CA 95322",,"900 Meredith AVE, Gustine, CA 95322",,"28366 W Husman RD, Merced, 95322",,,,,nan,,,nan,,27500 W Bunker Rd Gustine 2024 Dairy AR,4
,"28366 W Husman RD, Merced, CA 95322",,"900 Meredith AVE, Gustine, CA 95322",,"28366 W Husman RD, Merced, 95322",,,,,nan,,,nan,,27500 W Bunker Rd Gustine 2024 Dairy AR,5
,"28366 W Husman RD, Merced, CA 95322",,"900 Meredith AVE, Gustine, CA 95322",,"28366 W Husman RD, Merced, 95322",,,,,nan,,,nan,,27500 W Bunker Rd Gustine 2024 Dairy AR,6
,"28366 W Husman RD, Merced, CA 95322",,"900 Meredith AVE, Gustine, CA 95322",,"28366 W Husman RD, Merced, 95322",,,,,nan,,,nan,,27500 W Bunker Rd Gustine 2024 Dairy AR,7
,"28366 W Husman RD, Merced, CA 95322",,"900 Meredith AVE, Gustine, CA 95322",,"28366 W Husman RD, Merced, 95322",,,,,nan,,,nan,,27500 W Bunker Rd Gustine 2024 Dairy AR,8
,"28366 W Husman RD, Merced, CA 95322",,"900 Meredith AVE, Gustine, CA 95322",,"28366 W Husman RD, Merced, 95322",,,,,nan,,,nan,,27500 W Bunker Rd Gustine 2024 Dairy AR,9
,"2941 S State Hwy, Merced, CA 95341",,"5175 Shaw AVE, Winton, CA 95388",,Merced,,,,,nan,,,nan,,1581 E Roosevelt Rd El Nido 2024 Dairy AR,1
,"5301 Woodland AVE, Modesto, CA 95358",,"337 Gates RD, Modesto, CA 95358",,"5301 Woodland AVE, Modesto, CA 95358",,,,,nan,,,nan,,337 N Gates Rd MOdesto 2024 Dairy AR,1
,"337 Gates RD, Modesto, CA 95358",,"Modesto, CA 95358",,"337 Gates RD, Modesto, CA 95358",,,,,nan,,,nan,,337 N Gates Rd MOdesto 2024 Dairy AR,2
,"5301 Woodland AVE, Modesto, CA 95358",,"337 Gates RD, Modesto, CA 95358",,"5301 Woodland AVE, Modesto, CA 95358",,,,,nan,,,nan,,337 N Gates Rd MOdesto 2024 Dairy AR,3
,"900 Meredith AVE, Merced, CA 95322",,"900 Meredith AVE, Gustine, CA 95322",,"900 Meredith AVE, Merced, 95322",,,,,nan,,,nan,,337 N Gates Rd MOdesto 2024 Dairy AR,4
,"505 E Washington RD, Merced, CA 95317",,"505 E Washington RD, CA 95317",,"505 E Washington RD, Merced, 95317",,,,,nan,,,nan,,505 E Washington Rd El Nido 2024 Dairy AR,1
,"505 E Washington RD, Merced, CA 95317",,"505 E Washington RD, CA 95317",,"505 E Washington RD, Merced, 95317",,,,,nan,,,nan,,505 E Washington Rd El Nido 2024 Dairy AR,2
,"505 E Washington RD, Merced, CA 95317",,"505 E Washington RD, CA 95317",,"505 E Washington RD, Merced, 95317",,,,,nan,,,nan,,505 E Washington Rd El Nido 2024 Dairy AR,3
,"505 E Washington RD, Merced, CA 95317",,"505 E Washington RD, CA 95317",,"505 E Washington RD, Merced, 95317",,,,,nan,,,nan,,505 E Washington Rd El Nido 2024 Dairy AR,4
,"505 E Washington RD, Merced, CA 95317",,"505 E Washington RD, CA 95317",,"505 E Washington RD, Merced, 95317",,,,,nan,,,nan,,505 E Washington Rd El Nido 2024 Dairy AR,5
,"2025 Washington RD, Merced, CA 95317",,"505 E Washington RD, CA 95317",,"2025 Washington RD, Merced, 95317",,,,,nan,,,nan,,505 E Washington Rd El Nido 2024 Dairy AR,6
,"2025 Washington RD, Merced, CA 95317",,"505 E Washington RD, CA 95317",,"2025 Washington RD, Merced, 95317",,,,,nan,,,nan,,505 E Washington Rd El Nido 2024 Dairy AR,7
,"2025 Washington RD, Merced, CA 95317",,"505 E Washington RD, CA 95317",,"2025 Washington RD, Merced, 95317",,,,,nan,,,nan,,505 E Washington Rd El Nido 2024 Dairy AR,8
,"2025 Washington RD, Merced, CA 95317",,"505 E Washington RD, CA 95317",,"2025 Washington RD, Merced, 95317",,,,,nan,,,nan,,505 E Washington Rd El Nido 2024 Dairy AR,9
,"3511 W Sandy Mush RD, Merced, CA 95341",,"Hilmar, CA 95324",,"3511 W Sandy Mush RD, Merced, 95341",,,,,nan,,,nan,,3510 W Sandy Mush Rd Merced 2024 Dairy AR,1
,"1319 S Quinley RD, Merced, CA 95341",,"Merced, CA 95341",,"1319 S Quinley RD, Merced, 95341",,,,,nan,,,nan,,3510 W Sandy Mush Rd Merced 2024 Dairy AR,2
,"Merced, CA 95317",,CA 95317,,"Merced, 95317",,,,,nan,,,nan,,227 W El Nido Rd El Nido 2024 Dairy AR,1
,"Merced, CA 95317",,CA 95317,,"Merced, 95317",,,,,nan,,,nan,,227 W El Nido Rd El Nido 2024 Dairy AR,2
,"24341 Avenue 14, Madera, CA 93637",,"14676 Avenue 14, Madera, CA 93637",,"24341 Avenue 14, Madera, 93637",,,,,nan,,,nan,,3493 BVD Ave Merced 2024 Dairy AR,1
,"16510 Bacon Island RD, Stockton, CA 95234",,"24662 Road 9, Chowchilla, CA 93610",,"16510 Bacon Island RD, Stockton, CA 95234",,,,,nan,,,nan,,3493 BVD Ave Merced 2024 Dairy AR,2
,"24662 Road 9, Madera, CA 93610",,"24662 Road 9, Chowchilla, CA 93610",,"24662 Road 9, Madera, 93610",,,,,nan,,,nan,,3493 BVD Ave Merced 2024 Dairy AR,3
,"7306 East Avenue, Turlock, CA 95380",,"7306 East Avenue, Turlock, CA 95380",,"Turlock, 95380",,,,,nan,,,nan,,"619 S Vincent Rd, Turlock 2024 Dairy AR",1
,,,,,5725 Ehrlich Road,,,,,nan,,,nan,,"5725 Ehrlich Rd, Turlock 2024 Dairy AR",1
,,,,,5725 Ehrlich Road,,,,,nan,,,nan,,"5725 Ehrlich Rd, Turlock 2024 Dairy AR",2
,"9720 S Whitworth AVE, Merced, CA 95322",,"8450 S 33 HWY, Gustine, CA 95322",,"9720 S Whitworth AVE, Merced, 95322",,,,,nan,,,nan,,8450 S Hwy 33 Gustine 2024 Dairy AR,1
,"9720 S Whitworth AVE, Merced, CA 95322",,"8450 S 33 HWY, Gustine, CA 95322",,"9720 S Whitworth AVE, Merced, 95322",,,,,nan,,,nan,,8450 S Hwy 33 Gustine 2024 Dairy AR,2
,"2930 Geer Rd, Merced, CA 93635",,"2930 Geer Rd, Turlock, CA 95382",,"Merced, 93635",,,,,nan,,,nan,,18037 S Center Ave Los Banos 2024 Dairy AR,1
,"19075 3rd. Avenue, Merced, CA 95374",,"19075 3rd. Avenue, CA 95374",,"Merced, 95374",,,,,nan,,,nan,,9701 Atwater Jordan Road Atwater 2024 Dairy AR,1
,"19075 3rd. Avenue, Merced, CA 95374",,"19075 3rd. Avenue, CA 95374",,"Merced, 95374",,,,,nan,,,nan,,9701 Atwater Jordan Road Atwater 2024 Dairy AR,2
,"4890 Healy RD, Merced, CA 95341",,CA 95374,,Merced,,,,,nan,,,nan,,4890 S Healy Rd Merced 2024 Dairy AR,1
,"3639 W McMaster RD, Merced, CA 95340",,CA 95374,,Merced,,,,,nan,,,nan,,4890 S Healy Rd Merced 2024 Dairy AR,2
,"4137 W Healy RD, Merced, CA 95340",,CA 95374,,"4137 W Healy RD, Merced, 95340",,,,,nan,,,nan,,4890 S Healy Rd Merced 2024 Dairy AR,3
,"4137 W Healy RD, Merced, CA 95340",,CA 95374,,"4137 W Healy RD, Merced, 95340",,,,,nan,,,nan,,4890 S Healy Rd Merced 2024 Dairy AR,4
,"3639 W McMaster RD, Merced, CA 95340",,"Hilmar, CA 95324",,Merced,,,,,nan,,,nan,,4890 S Healy Rd Merced 2024 Dairy AR,5
,"4890 Healy RD, Merced, CA 95341",,"4890 Healy RD, Merced, CA 95341",,Merced,,,,,nan,,,nan,,4890 S Healy Rd Merced 2024 Dairy AR,6
,"4890 Healy RD, Merced, CA 95341",,"4890 Healy RD, Merced, CA 95341",,Merced,,,,,nan,,,nan,,4890 S Healy Rd Merced 2024 Dairy AR,7
,"4890 Healy RD, Merced, CA 95341",,"4890 Healy RD, Merced, CA 95341",,Merced,,,,,nan,,,nan,,4890 S Healy Rd Merced 2024 Dairy AR,8
,"4890 Healy RD, Merced, CA 95341",,"4890 Healy RD, Merced, CA 95341",,Merced,,,,,nan,,,nan,,4890 S Healy Rd Merced 2024 Dairy AR,9
,"602 E Sandy Mush RD, Merced, CA 95341",,"602 E Sandy Mush RD, Merced, CA 95341",,"602 E Sandy Mush RD, Merced, 95341",,,,,nan,,,nan,,5817 E Worden Ave Merced 2024 Dairy AR,1
,"5175 W Shaw AVE, Merced, CA 95388",,"5175 W Shaw AVE, Winton, CA 95388",,"5175 W Shaw AVE, Merced, 95388",,,,,nan,,,nan,,5817 E Worden Ave Merced 2024 Dairy AR,2
,"5175 W Shaw AVE, Merced, CA 95388",,"5175 W Shaw AVE, Winton, CA 95388",,"5175 W Shaw AVE, Merced, 95388",,,,,nan,,,nan,,5817 E Worden Ave Merced 2024 Dairy AR,3
,"5175 W Shaw AVE, Merced, CA 95388",,"5175 W Shaw AVE, Winton, CA 95388",,"5175 W Shaw AVE, Merced, 95388",,,,,nan,,,nan,,5817 E Worden Ave Merced 2024 Dairy AR,4
,"5175 W Shaw AVE, Merced, CA 95388",,"5175 W Shaw AVE, Winton, CA 95388",,"5175 W Shaw AVE, Merced, 95388",,,,,nan,,,nan,,5817 E Worden Ave Merced 2024 Dairy AR,5
,"20694 Johnson AVE, Merced, CA 95324",,"20326 Johnson AVE, Hilmar, CA 95324",,"20694 Johnson AVE, Merced, 95324",,,,,nan,,,nan,,"20326 Johnson Ave, Hilmar 2024 Dairy AR",1
,"20758 Johnson AVE, Merced, CA 95324",,"20326 Johnson AVE, Hilmar, CA 95324",,"20758 Johnson AVE, Merced, 95324",,,,,nan,,,nan,,"20326 Johnson Ave, Hilmar 2024 Dairy AR",2
,"20758 Johnson AVE, Merced, CA 95324",,"20326 Johnson AVE, Hilmar, CA 95324",,"20758 Johnson AVE, Merced, 95324",,,,,nan,,,nan,,"20326 Johnson Ave, Hilmar 2024 Dairy AR",3
,"21809 Williams AVE, Merced, CA 95324",,"20326 Johnson AVE, Hilmar, CA 95324",,"21809 Williams AVE, Merced, 95324",,,,,nan,,,nan,,"20326 Johnson Ave, Hilmar 2024 Dairy AR",4
,"20694 Johnson AVE, Merced, CA 95324",,"20326 Johnson AVE, Hilmar, CA 95324",,"20694 Johnson AVE, Merced, 95324",,,,,nan,,,nan,,"20326 Johnson Ave, Hilmar 2024 Dairy AR",5
,"1 Johnson AVE, Merced, CA 95324",,"219 Jensen AVE, Gustine, CA 95322",,Merced,,,,,nan,,,nan,,"20326 Johnson Ave, Hilmar 2024 Dairy AR",6
,"20694 Johnson AVE, Merced, CA 95324",,"20326 Johnson AVE, Hilmar, CA 95324",,"20694 Johnson AVE, Merced, 95324",,,,,nan,,,nan,,"20326 Johnson Ave, Hilmar 2024 Dairy AR",7
,"21809 Williams AVE, Merced, CA 95324",,"20326 Johnson AVE, Hilmar, CA 95324",,"21809 Williams AVE, Merced, 95324",,,,,nan,,,nan,,"20326 Johnson Ave, Hilmar 2024 Dairy AR",8
,"21809 Williams AVE, Merced, CA 95324",,"20326 Johnson AVE, Hilmar, CA 95324",,"21809 Williams AVE, Merced, 95324",,,,,nan,,,nan,,"20326 Johnson Ave, Hilmar 2024 Dairy AR",9
,"21809 Williams AVE, Merced, CA 95324",,"20326 Johnson AVE, Hilmar, CA 95324",,"21809 Williams AVE, Merced, 95324",,,,,nan,,,nan,,"20326 Johnson Ave, Hilmar 2024 Dairy AR",10
,"21809 Williams AVE, Merced, CA 95324",,"20326 Johnson AVE, Hilmar, CA 95324",,"21809 Williams AVE, Merced, 95324",,,,,nan,,,nan,,"20326 Johnson Ave, Hilmar 2024 Dairy AR",11
,"1 Johnson AVE, Merced, CA 95324",,"219 Jensen AVE, Gustine, CA 95322",,Merced,,,,,nan,,,nan,,"20326 Johnson Ave, Hilmar 2024 Dairy AR",12
,"3605 Soderquist AVE, Turlock, CA 95380",,"2930 Geer RD, Turlock, CA 95382",,"3605 Soderquist AVE, Turlock, 95380",,,,,nan,,,nan,,"20326 Johnson Ave, Hilmar 2024 Dairy AR",13
,"2406 S Walnut RD, Turlock, CA 95380",,"219 Jensen AVE, Gustine, CA 95322",,"2406 S Walnut RD, Turlock, CA 95380",,,,,nan,,,nan,,"20326 Johnson Ave, Hilmar 2024 Dairy AR",14
,"19486 American AVE, Merced, CA 95324",,"23616 Williams LN, Hilmar, CA 95324",,"19486 American AVE, Merced, 95324",,,,,nan,,,nan,,20723 Geer Ave Hilmar 2024 Dairy AR,1
,"19420 American AVE, Merced, CA 95324",,"23616 Williams LN, Hilmar, CA 95324",,"19420 American AVE, Merced, 95324",,,,,nan,,,nan,,20723 Geer Ave Hilmar 2024 Dairy AR,2
,"21185 Williams AVE, Merced, CA 95324",,"23616 Williams LN, Hilmar, CA 95324",,"21185 Williams AVE, Merced, 95324",,,,,nan,,,nan,,20723 Geer Ave Hilmar 2024 Dairy AR,3
,"21185 Williams AVE, Merced, CA 95324",,"20710 Geer RD, Hilmar, CA 95324",,Merced,,,,,nan,,,nan,,20723 Geer Ave Hilmar 2024 Dairy AR,4
,"21089 Williams AVE, Merced, CA 95324",,"20710 Geer RD, Hilmar, CA 95324",,Merced,,,,,nan,,,nan,,20723 Geer Ave Hilmar 2024 Dairy AR,5
,"21089 Williams AVE, Merced, CA 95324",,"20710 Geer RD, Hilmar, CA 95324",,Merced,,,,,nan,,,nan,,20723 Geer Ave Hilmar 2024 Dairy AR,6
,"21185 Williams AVE, Merced, CA 95324",,"20710 Geer RD, Hilmar, CA 95324",,Merced,,,,,nan,,,nan,,20723 Geer Ave Hilmar 2024 Dairy AR,7
,"21185 Williams AVE, Merced, CA 95324",,"20710 Geer RD, Hilmar, CA 95324",,Merced,,,,,nan,,,nan,,20723 Geer Ave Hilmar 2024 Dairy AR,8
,"21089 Williams AVE, Merced, CA 95324",,"20710 Geer RD, Hilmar, CA 95324",,Merced,,,,,nan,,,nan,,20723 Geer Ave Hilmar 2024 Dairy AR,9
,"20334 W Oslo Rd, Hilmar, CA 95324",,"20445 August Ave, Turlock, CA 95324",,"20334 W Oslo Rd, Hilmar, CA 95324",,,,,nan,,,nan,,"20445 August Ave, Hilmar 2024 Dairy AR",1
,"20334 W Oslo Rd, Hilmar, CA 95324",,"20445 August Ave, Turlock, CA 95324",,"20334 W Oslo Rd, Hilmar, CA 95324",,,,,nan,,,nan,,"20445 August Ave, Hilmar 2024 Dairy AR",2
,"20334 W Oslo Rd, Hilmar, CA 95324",,"20445 August Ave, Turlock, CA 95324",,"20334 W Oslo Rd, Hilmar, CA 95324",,,,,nan,,,nan,,"20445 August Ave, Hilmar 2024 Dairy AR",3
,"20334 W Oslo Rd, Hilmar, CA 95324",,"20445 August Ave, Turlock, CA 95324",,"20334 W Oslo Rd, Hilmar, CA 95324",,,,,nan,,,nan,,"20445 August Ave, Hilmar 2024 Dairy AR",4
,"20334 W Oslo Rd, Hilmar, CA 95324",,"20445 August Ave, Turlock, CA 95324",,"20334 W Oslo Rd, Hilmar, CA 95324",,,,,nan,,,nan,,"20445 August Ave, Hilmar 2024 Dairy AR",5
,"20334 W Oslo Rd, Hilmar, CA 95324",,"20445 August Ave, Turlock, CA 95324",,"20334 W Oslo Rd, Hilmar, CA 95324",,,,,nan,,,nan,,"20445 August Ave, Hilmar 2024 Dairy AR",6
,"20334 W Oslo Rd, Hilmar, CA 95324",,"20445 August Ave, Turlock, CA 95324",,"20334 W Oslo Rd, Hilmar, CA 95324",,,,,nan,,,nan,,"20445 August Ave, Hilmar 2024 Dairy AR",7
,"1751 Chandler DR, Turlock, CA 95382",,"730 Bystrum RD, Turlock, CA 95380",,"1751 Chandler DR, Turlock, CA 95382",,,,,nan,,,nan,,730 Bystrum Rd Turlock 2024 Dairy AR,1
,"10077 Avenue 26, Madera, CA 93610",,"10077 Avenue 26, Chowchilla, CA 93610",,"Madera, 93610",,,,,nan,,,nan,,10077 Ave 26 Chowchilla 2024 Dairy AR,1
,"11923 E Childs AVE, Merced, CA 95333",,"11923 E Childs AVE, CA 95333",,Merced,,,,,nan,,,nan,,11923 E Childs Ave L Grand 2024 Dairy AR,1
,"5175 W Shaw AVE, Merced, CA 95388",,"5175 Shaw AVE, Winton, CA 95388",,"5175 W Shaw AVE, Merced, 95388",,,,,nan,,,nan,,5511 W Sandy Mush Rd Merced 2024 Dairy AR,1
,"5175 W Shaw AVE, Merced, CA 95388",,"5175 Shaw AVE, Winton, CA 95388",,"5175 W Shaw AVE, Merced, 95388",,,,,nan,,,nan,,5511 W Sandy Mush Rd Merced 2024 Dairy AR,2
,"8522 W SandyMush RD, Merced, CA 95341",,"5175 Shaw AVE, Winton, CA 95388",,"8522 W SandyMush RD, Merced, 95341",,,,,nan,,,nan,,5511 W Sandy Mush Rd Merced 2024 Dairy AR,3
,"22245 August AVE, Merced, CA 95324",,"9483 Columbia AVE, Hilmar, CA 95324",,Merced,,,,,nan,,,nan,,"9483 Columbus Ave, Hilmar 2024 Dairy AR",1
,"22338 Short AVE, Merced, CA 95324",,"9483 Columbia AVE, Hilmar, CA 95324",,"22338 Short AVE, Merced, 95324",,,,,nan,,,nan,,"9483 Columbus Ave, Hilmar 2024 Dairy AR",2
,"22245 August AVE, Merced, CA 95324",,"9483 Columbia AVE, Hilmar, CA 95324",,Merced,,,,,nan,,,nan,,"9483 Columbus Ave, Hilmar 2024 Dairy AR",3
,"6612 Prarie Flower RD, Turlock, CA 95380",,"9483 Columbia AVE, Hilmar, CA 95324",,"6612 Prarie Flower RD, Turlock, CA 95380",,,,,nan,,,nan,,"9483 Columbus Ave, Hilmar 2024 Dairy AR",4
,"22245 August AVE, Merced, CA 95324",,"9483 Columbia AVE, Hilmar, CA 95324",,Merced,,,,,nan,,,nan,,"9483 Columbus Ave, Hilmar 2024 Dairy AR",5
,"21536 August AVE, Merced, CA 95324",,"9483 Columbia AVE, Hilmar, CA 95324",,Merced,,,,,nan,,,nan,,"9483 Columbus Ave, Hilmar 2024 Dairy AR",6
,"6612 Prarie Flower RD, Turlock, CA 95380",,"9483 Columbia AVE, Hilmar, CA 95324",,"6612 Prarie Flower RD, Turlock, CA 95380",,,,,nan,,,nan,,"9483 Columbus Ave, Hilmar 2024 Dairy AR",7
,"22245 August AVE, Merced, CA 95324",,"9483 Columbia AVE, Hilmar, CA 95324",,Merced,,,,,nan,,,nan,,"9483 Columbus Ave, Hilmar 2024 Dairy AR",8
,"2406 S Walnut RD, Merced, CA 95380",,"219 Jensen RD, Gustine, CA 95322",,Merced,,,,,nan,,,nan,,"9483 Columbus Ave, Hilmar 2024 Dairy AR",9
,"9360 Tegner RD, Merced, CA 95324",,"9483 Columbia AVE, Hilmar, CA 95324",,"9360 Tegner RD, Merced, 95324",,,,,nan,,,nan,,"9483 Columbus Ave, Hilmar 2024 Dairy AR",10
,"21510 American AVE, Merced, CA 95324",,"9483 Columbia AVE, Hilmar, CA 95324",,"21510 American AVE, Merced, 95324",,,,,nan,,,nan,,"9483 Columbus Ave, Hilmar 2024 Dairy AR",11
,"9579 Hultberg RD, Merced, CA 95324",,"9483 Columbia AVE, Hilmar, CA 95324",,"9579 Hultberg RD, Merced, 95324",,,,,nan,,,nan,,"9483 Columbus Ave, Hilmar 2024 Dairy AR",12
,"9579 Hulberg RD, Merced, CA 95324",,"9483 Columbia AVE, Hilmar, CA 95324",,"9579 Hulberg RD, Merced, 95324",,,,,nan,,,nan,,"9483 Columbus Ave, Hilmar 2024 Dairy AR",13
,"6612 Prarie Flower RD, Turlock, CA 95380",,"9483 Columbia AVE, Hilmar, CA 95324",,"6612 Prarie Flower RD, Turlock, CA 95380",,,,,nan,,,nan,,"9483 Columbus Ave, Hilmar 2024 Dairy AR",14
,"9579 Hultberg RD, Merced, CA 95324",,"9483 Columbia AVE, Hilmar, CA 95324",,"9579 Hultberg RD, Merced, 95324",,,,,nan,,,nan,,"9483 Columbus Ave, Hilmar 2024 Dairy AR",15
,"6612 Prarie Flower RD, Turlock, CA 95380",,"9483 Columbia AVE, Hilmar, CA 95324",,"6612 Prarie Flower RD, Turlock, CA 95380",,,,,nan,,,nan,,"9483 Columbus Ave, Hilmar 2024 Dairy AR",16
,"19664 Crane AVE, Merced, CA 95324",,"9483 Columbia AVE, Hilmar, CA 95324",,Merced,,,,,nan,,,nan,,"9483 Columbus Ave, Hilmar 2024 Dairy AR",17
,"9579 Hultberg RD, Merced, CA 95324",,"9483 Columbia AVE, Hilmar, CA 95324",,"9579 Hultberg RD, Merced, 95324",,,,,nan,,,nan,,"9483 Columbus Ave, Hilmar 2024 Dairy AR",18
,"6612 Prarie Flower RD, Turlock, CA 95380",,"9483 Columbia AVE, Hilmar, CA 95324",,"6612 Prarie Flower RD, Turlock, CA 95380",,,,,nan,,,nan,,"9483 Columbus Ave, Hilmar 2024 Dairy AR",19
,"19664 Crane AVE, Merced, CA 95324",,"9483 Columbia AVE, Hilmar, CA 95324",,Merced,,,,,nan,,,nan,,"9483 Columbus Ave, Hilmar 2024 Dairy AR",20
,"19664 Crane AVE, Merced, CA 95324",,"9483 Columbia AVE, Hilmar, CA 95324",,Merced,,,,,nan,,,nan,,"9483 Columbus Ave, Hilmar 2024 Dairy AR",21
,"21536 August AVE, Merced, CA 95324",,"9483 Columbia AVE, Hilmar, CA 95324",,Merced,,,,,nan,,,nan,,"9483 Columbus Ave, Hilmar 2024 Dairy AR",22
,"2406 S Walnut RD, Merced, CA 95380",,"219 Jensen RD, Gustine, CA 95322",,Merced,,,,,nan,,,nan,,"9483 Columbus Ave, Hilmar 2024 Dairy AR",23
,"6612 Prarie Flower RD, Turlock, CA 95380",,"9483 Columbia AVE, Hilmar, CA 95324",,"6612 Prarie Flower RD, Turlock, CA 95380",,,,,nan,,,nan,,"9483 Columbus Ave, Hilmar 2024 Dairy AR",24
,"9579 Hultberg RD, Merced, CA 95324",,"9483 Columbia AVE, Hilmar, CA 95324",,"9579 Hultberg RD, Merced, 95324",,,,,nan,,,nan,,"9483 Columbus Ave, Hilmar 2024 Dairy AR",25
,"6612 Prarie Flower RD, Turlock, CA 95380",,"9483 Columbia AVE, Hilmar, CA 95324",,"6612 Prarie Flower RD, Turlock, CA 95380",,,,,nan,,,nan,,"9483 Columbus Ave, Hilmar 2024 Dairy AR",26
,"2406 S Walnut RD, Turlock, CA 95380",,"219 Jensen RD, Gustine, CA 95322",,"2406 S Walnut RD, Turlock, CA 95380",,,,,nan,,,nan,,"9483 Columbus Ave, Hilmar 2024 Dairy AR",27
,"22245 August AVE, Merced, CA 95324",,"9483 Columbia AVE, Hilmar, CA 95324",,Merced,,,,,nan,,,nan,,"9483 Columbus Ave, Hilmar 2024 Dairy AR",28
,"6612 Prarie Flower RD, Turlock, CA 95380",,"9483 Columbia AVE, Hilmar, CA 95324",,"6612 Prarie Flower RD, Turlock, CA 95380",,,,,nan,,,nan,,"9483 Columbus Ave, Hilmar 2024 Dairy AR",29
,"22245 August AVE, Merced, CA 95324",,"9483 Columbia AVE, Hilmar, CA 95324",,Merced,,,,,nan,,,nan,,"9483 Columbus Ave, Hilmar 2024 Dairy AR",30
,"19664 Crane AVE, Merced, CA 95324",,"9483 Columbia AVE, Hilmar, CA 95324",,Merced,,,,,nan,,,nan,,"9483 Columbus Ave, Hilmar 2024 Dairy AR",31
,"3410 S Hunt RD, Merced, CA 95322",,"3410 S Hunt RD, Gustine, CA 95322",,"3410 S Hunt RD, Merced, 95322",,,,,nan,,,nan,,5070 S Hunt Rd Gustine 2024 Dairy AR,1
,"900 Meredith AVE, Merced, CA 95322",,"900 Meredith AVE, Gustine, CA 95322",,"Merced, 95322",,,,,nan,,,nan,,5070 S Hunt Rd Gustine 2024 Dairy AR,2
,"900 Meredith AVE, Merced, CA 95322",,"900 Meredith AVE, Gustine, CA 95322",,"Merced, 95322",,,,,nan,,,nan,,5070 S Hunt Rd Gustine 2024 Dairy AR,3
,"15735 Indiana RD, Merced, CA 93620",,"6445 W Hwy, Dos Palos, CA 93620",,"15735 Indiana RD, Merced, 93620",,,,,nan,,,nan,,15775 S Indiana Ave Dos Palos 2024 Dairy AR,1
,"15735 Indiana RD, Merced, CA 93620",,"6445 W Hwy, Dos Palos, CA 93620",,"15735 Indiana RD, Merced, 93620",,,,,nan,,,nan,,15775 S Indiana Ave Dos Palos 2024 Dairy AR,2
,,,,,,,,,,nan,,,nan,,2024AR_J&R Dairy,1
,,,,,,,,,,nan,,,nan,,2024AR_Lakeview Farms Dairy,1
,,,,,,,,,,nan,,,nan,,2024AR G3 Dairy,1
,,,,,,,,,,nan,,,nan,,2024AR_Faial Farms 2 Dairy,1
,,,,,,,,,,nan,,,nan,,2024AR_T&W Farms #2 Dairy,1
,,,,,,,,,,nan,,,nan,,2024AR_Western Sky Dairy,1
,,,,,,,,,,nan,,,nan,,2024AR_Newhouse Dairy,1
,,,,,,,,,,nan,,,nan,,2024AR_Mc Moo Farms Dairy,1
,,,,,,,,,,nan,,,nan,,2024AR_Rosa Dairy,1
,,,,,,,,,,nan,,,nan,,2024AR_Maple Dairy,1
,,,,,,,,,,nan,,,nan,,2024AR_H&P Dairy,1
,,,,,,,,,,nan,,,nan,,2024AR_Bear Mountain Dairy,1
,,,,,,,,,,nan,,,nan,,2024AR_Bear Mountain Dairy,2
,,,,,,,,,,nan,,,nan,,2024AR_Bear Mountain Dairy,3
,,,,,,,,,,nan,,,nan,,2024AR_AJB Ranch Dairy,1
,,,,,,,,,,nan,,,nan,,2024AR_AJB Ranch Dairy,2
,,,,,,,,,,nan,,,nan,,2024AR_Westwind Dairy,1
,,,,,,,,,,nan,,,nan,,2024AR_T&W Farms,1
,,,,,,,,,,nan,,,nan,,2024AR Faial Farms Dairy,1
,,,,,,,,,,nan,,,nan,,2024AR_Panama Ranch Dairy,1
,,,,,,,,,,nan,,,nan,,2024AR_Trilogy Dairy,1
,"5939 Lacey BLVD, Tulare, CA 92391",,"5939 Lacey BLVD, Hanford, CA 93230",,"Tulare, 92391",,,,,nan,,,nan,,2024AR_Rui and Jennifer Brasil Dairy_8061 Ave 360_Tulare,1
,"12329 Ave 271, Tulare, CA 93277",,"890 E Apricot RD, Tulare, CA 93274",,"12329 Ave 271, Tulare, 93277",,,,,nan,,,nan,,2024AR_Nunes & Sond Dairy_690 E Oakdale Ave_Tulare,1
,"7559 Avenue 152, Tulare, CA 93272",,"23004 Road 140, Tulare, CA 93274",,"7559 Avenue 152, Tulare, 93272",,,,,nan,,,nan,,2024AR_T-Bar Dairy_14851 Rd 168_Tulare,1
,"13085 S Zediker AVE, Fresno, CA 93631",,"5771 7th Avenue, Hanford, CA 93230",,"13085 S Zediker AVE, Fresno, 93631",,,,,nan,,,nan,,2024AR_Flint Dairy_6511 Flint Ave_Kings,1
,"5771 7th Avenue, Fresno, CA 93631",,"5771 7th Avenue, Hanford, CA 93230",,"Fresno, 93631",,,,,nan,,,nan,,2024AR_Flint Dairy_6511 Flint Ave_Kings,2
,"5520 Flint AVE, Hanford, CA 93230",,"5771 7th Avenue, Hanford, CA 93230",,"5520 Flint AVE, Hanford, 93230",,,,,nan,,,nan,,2024AR_Flint Dairy_6511 Flint Ave_Kings,3
,"363 N 5th AVE, Fresno, CA 93631",,"5771 7th Avenue, Hanford, CA 93230",,"363 N 5th AVE, Fresno, 93631",,,,,nan,,,nan,,2024AR_Flint Dairy_6511 Flint Ave_Kings,4
,"10741 Flint AVE, Hanford, CA 93230",,"5771 7th Avenue, Hanford, CA 93230",,"10741 Flint AVE, Hanford, 93230",,,,,nan,,,nan,,2024AR_Flint Dairy_6511 Flint Ave_Kings,5
,"5230 9th AVE, Hanford, CA 93230",,"5771 7th Avenue, Hanford, CA 93230",,"5230 9th AVE, Hanford, 93230",,,,,nan,,,nan,,2024AR_Flint Dairy_6511 Flint Ave_Kings,6
,"10367 Houston AVE, Lemoore, CA 93245",,"5771 7th Avenue, Hanford, CA 93230",,"10367 Houston AVE, Lemoore, 93245",,,,,nan,,,nan,,2024AR_Flint Dairy_6511 Flint Ave_Kings,7
,"5230 9th AVE, Hanford, CA 93230",,"5771 7th Avenue, Hanford, CA 93230",,"5230 9th AVE, Hanford, 93230",,,,,nan,,,nan,,2024AR_Flint Dairy_6511 Flint Ave_Kings,8
,"5415 Boston AVE, Fresno, CA 93631",,"5771 7th Avenue, Hanford, CA 93230",,"5415 Boston AVE, Fresno, 93631",,,,,nan,,,nan,,2024AR_Flint Dairy_6511 Flint Ave_Kings,9
,"14803 Grangeville Blvd, Hanford, CA 93230",,"5771 7th Avenue, Hanford, CA 93230",,"14803 Grangeville Blvd, Hanford, 93230",,,,,nan,,,nan,,2024AR_Flint Dairy_6511 Flint Ave_Kings,10
,"14803 Grangeville Blvd, Hanford, CA 93230",,"5771 7th Avenue, Hanford, CA 93230",,"14803 Grangeville Blvd, Hanford, 93230",,,,,nan,,,nan,,2024AR_Flint Dairy_6511 Flint Ave_Kings,11
,"13085 S Zediker AVE, Fresno, CA 93631",,"5771 7th Avenue, Hanford, CA 93230",,"13085 S Zediker AVE, Fresno, 93631",,,,,nan,,,nan,,2024AR_Flint Dairy_6511 Flint Ave_Kings,12
,"7442 7th AVE, Hanford, CA 93230",,"6551 Flint AVE, Hanford, CA 93230",,"7442 7th AVE, Hanford, 93230",,,,,nan,,,nan,,2024AR_Flint Dairy_6511 Flint Ave_Kings,13
,"7442 7th AVE, Hanford, CA 93230",,"6551 Flint AVE, Hanford, CA 93230",,"7442 7th AVE, Hanford, 93230",,,,,nan,,,nan,,2024AR_Flint Dairy_6511 Flint Ave_Kings,14
,"7442 7th AVE, Hanford, CA 93230",,"6551 Flint AVE, Hanford, CA 93230",,"7442 7th AVE, Hanford, 93230",,,,,nan,,,nan,,2024AR_Flint Dairy_6511 Flint Ave_Kings,15
,"7442 7th AVE, Hanford, CA 93230",,"6551 Flint AVE, Hanford, CA 93230",,"7442 7th AVE, Hanford, 93230",,,,,nan,,,nan,,2024AR_Flint Dairy_6511 Flint Ave_Kings,16
,"29435 Borba Rd, Merced, CA 95341",,"29435 Borba Rd, Gustine, CA 95322",,"Merced, 95341",,,,,nan,,,nan,,2024AR_Flint Dairy_6511 Flint Ave_Kings,17
,,,"Fresno, CA 93656",,,,,,,nan,,,nan,,2024AR_Georgenson Dairy_8519 24th Ave_Kings,1
,,,,,"7900 15th Ave. Hanford., Hanford, 93230",,,,,nan,,,nan,,2024AR_Contente & Co Dairy_7900 15th Ave_Kings,1
,,,,,"7900 15th Ave. Hanford., Hanford, 93230",,,,,nan,,,nan,,2024AR_Contente & Co Dairy_7900 15th Ave_Kings,2
,"15336 10th AVE, Hanford, CA 93230",,"5771 7th AVE, Hanford, CA 93230",,"15336 10th AVE, Hanford, 93230",,,,,nan,,,nan,,2024AR_Antonio Garcia Dairy_6571 Fargo Ave_Kings,1
,"15336 10th AVE, Hanford, CA 93230",,"5771 7th AVE, Hanford, CA 93230",,"15336 10th AVE, Hanford, 93230",,,,,nan,,,nan,,2024AR_Antonio Garcia Dairy_6571 Fargo Ave_Kings,2
,,,CA 93230,,"Fresno, 93230",,,,,nan,,,nan,,2024AR_Jaques & Silva Dairy_10536 6th Ave_Kings,1
,,,"Fresno, CA 93656",,"Fresno, 93656",,,,,nan,,,nan,,2024AR_E Mendes Dairy_23568 Fargo Ave_Kings,1
,"18017 Road 93, Tulare, CA 93270",,"3612 Avenue 236, Tulare, CA 93274",,"18017 Road 93, Tulare, 93270",,,,,nan,,,nan,,2024AR_Aukeman Farms Dairy_17297 Road 96_W Tulare,1
,"5162 Avenue 252, Tulare, CA 93274",,"3612 Avenue 236, Tulare, CA 93274",,"5162 Avenue 252, Tulare, 93274",,,,,nan,,,nan,,2024AR_Aukeman Farms Dairy_17297 Road 96_W Tulare,2
,"7370 Avenue 228, Tulare, CA 93274",,"23121 Road 48, Tulare, CA 93274",,"7370 Avenue 228, Tulare, 93274",,,,,nan,,,nan,,2024AR_Aukeman Farms Dairy_17297 Road 96_W Tulare,3
,"7370 Avenue 228, Tulare, CA 93274",,"23121 Road 48, Tulare, CA 93274",,"7370 Avenue 228, Tulare, 93274",,,,,nan,,,nan,,2024AR_Aukeman Farms Dairy_17297 Road 96_W Tulare,4
,,,,,,,,,,nan,,,nan,,2024AR_L K Ranches Dairy_29007 Road 56_W Tulare,1
,,,,,,,,,,nan,,,nan,,2024AR_Gerrit Visser & Sons Dairy_18565 S Marks Ave_Fresno,1
,,,,,,,,,,nan,,,nan,,2024AR_J&D Wilson Dry Cows_430 W Mt. Whitney Ave_Fresno,1
,,,,,,,,,,nan,,,nan,,2024AR_J&D Wilson Dry Cows_430 W Mt. Whitney Ave_Fresno,2
,,,,,,,,,,nan,,,nan,,2024AR_AJ Selnders Dairy_625 E Coleman Ave_Fresno,1
,,,,,,,,,,nan,,,nan,,2024AR_AJ Selnders Dairy_625 E Coleman Ave_Fresno,2
,,,,,,,,,,nan,,,nan,,2024AR_AJ Selnders Dairy_625 E Coleman Ave_Fresno,3
,,,,,,,,,,nan,,,nan,,2024AR_AJ Selnders Dairy_625 E Coleman Ave_Fresno,4
,,,,,,,,,,nan,,,nan,,2024AR_Black Diamond Dairy_18789 S Fruit Ave_Fresno,1
,,,,,,,,,,nan,,,nan,,2024AR_Black Diamond Dairy_18789 S Fruit Ave_Fresno,2
,,,,,,,,,,nan,,,nan,,2024AR_Black Diamond Dairy_18789 S Fruit Ave_Fresno,3
,Fresno,,,,,,,,,nan,,,nan,,2024AR_Black Diamond Dairy_18789 S Fruit Ave_Fresno,4
,,,,,,,,,,nan,,,nan,,2024AR_Black Diamond Dairy_18789 S Fruit Ave_Fresno,5
,,,,,,,,,,nan,,,nan,,2024AR_L & J Vanderham Dairy_10772 W Mt. Whitney Ave_Fresno,1
,,,,,,,,,,nan,,,nan,,2024AR_Pacheco Dairy_1108 N Plumas Ave_Fresno,1
,,,,,,,,,,nan,,,nan,,2024AR_Pacheco Dairy_1108 N Plumas Ave_Fresno,2
,,,,,,,,,,nan,,,nan,,2024AR_Pacheco Dairy_1108 N Plumas Ave_Fresno,3
,,,,,,,,,,nan,,,nan,,2024AR_Pacheco Dairy_1108 N Plumas Ave_Fresno,4
,,,,,,,,,,nan,,,nan,,2024AR_Pacheco Dairy_1108 N Plumas Ave_Fresno,5
,,,,,,,,,,nan,,,nan,,2024AR_Pacheco Dairy_1108 N Plumas Ave_Fresno,6
,,,,,,,,,,nan,,,nan,,2024AR_Pacheco Dairy_1108 N Plumas Ave_Fresno,7
,,,,,,,,,,nan,,,nan,,2024AR_A & M Farms Dairy_10350 W Manning Ave_Fresno,1
,,,,,,,,,,nan,,,nan,,1343 Magnolia Ave Patterson 2024 Dairy AR,1
,,,,,1343 Magnolia Avenue Number and Street,,,,,nan,,,nan,,1343 Magnolia Ave Patterson 2024 Dairy AR,2
,,,,,730 W. Monte Vista Ave,,,,,nan,,,nan,,348 E Monte Vista Rd Ceres 2024 Dairy AR,1
,,,,,730 W. Monte Vista Ave,,,,,nan,,,nan,,348 E Monte Vista Rd Ceres 2024 Dairy AR,2
,,,,,730 W. Monte Vista Ave,,,,,nan,,,nan,,348 E Monte Vista Rd Ceres 2024 Dairy AR,3
,,,,,,,,,,nan,,,nan,,"1730 S. Healy Rd, Merced 2024 Dairy AR",1
,,,,,,,,,,nan,,,nan,,"1730 S. Healy Rd, Merced 2024 Dairy AR",2
,,,,,19075 3rd Ave,,,,,nan,,,nan,,"6071 Larson Ave, Hilmar 2024 Dairy AR",1
,,,,,,,,,,nan,,,nan,,"6071 Larson Ave, Hilmar 2024 Dairy AR",2
,,,,,,,,,,nan,,,nan,,"6071 Larson Ave, Hilmar 2024 Dairy AR",3
,,,,,5922 Lander Avenue,,,,,nan,,,nan,,"6071 Larson Ave, Hilmar 2024 Dairy AR",4
,,,,,,,,,,nan,,,nan,,13701 S Hwy 59 El Nido 2024 Dairy AR,1
,,,,,,,,,,nan,,,nan,,13701 S Hwy 59 El Nido 2024 Dairy AR,2
,,,,,,,,,,nan,,,nan,,13701 S Hwy 59 El Nido 2024 Dairy AR,3
,,,,,,,,,,nan,,,nan,,13701 S Hwy 59 El Nido 2024 Dairy AR,4
,,,,,,,,,,nan,,,nan,,13701 S Hwy 59 El Nido 2024 Dairy AR,5
,,,,,,,,,,nan,,,nan,,"25762 Turner Ave, Hilmar 2024 Dairy AR",1
,,,,,9730 Bradbury Road Turlock Number and Street,,,,,nan,,,nan,,"2613 S Mitchell Rd, Turlock 2024 Dairy AR",1
,,,,,9730 Bradbury Road Turlock Number and Street,,,,,nan,,,nan,,"2613 S Mitchell Rd, Turlock 2024 Dairy AR",2
,,,,,19075 W. Third Ave.,,,,,nan,,,nan,,1622 Kniebes Rd Gustine 2024 Dairy AR,1
,,,,,750 East Ave,,,,,nan,,,nan,,11204 Fulkerth Rd Turlock 2024 Dairy AR,1
,,,,,,,,,,nan,,,nan,,"9375 N Washington Rd, Hilmar 2024 Dairy AR",1
,,,,,23616 Williams Avenue,,,,,nan,,,nan,,"9375 N Washington Rd, Hilmar 2024 Dairy AR",2
,,,,,,,,,,nan,,,nan,,1500 Fulkerth Rd Crows Landing 2024 Dairy AR,1
,,,,,,,,,,nan,,,nan,,"1707 S Mitchell Rd, Turlock 2024 Dairy AR",1
,,,,,23616 Williams Avenue Number and Street,,,,,nan,,,nan,,8331 Central Ave Ceres 2024 Dairy AR,1
,,,,,,,,,,nan,,,nan,,1763 S Hewitt Rd Linden 2024 Dairy AR,1
,,,,,,,,,,nan,,,nan,,1763 S Hewitt Rd Linden 2024 Dairy AR,2
,,,,,,,,,,nan,,,nan,,"22846 Second Ave, Stevinson 2024 Dairy AR",1
,,,,,14478 Cox Ferry Road,,,,,nan,,,nan,,2510 W Turlock Rd Snelling 2024 Dairy AR,1
,,,,,750 East Ave,,,,,nan,,,nan,,6626 N Central Ave Hilmar 2024 Dairy AR,1
,,,,,750 East Ave,,,,,nan,,,nan,,6626 N Central Ave Hilmar 2024 Dairy AR,2
,,,,,400 N. Central Avenue,,,,,nan,,,nan,,4419 S Faith Home Rd Turlock 2024 Dairy AR,1
,,,,,400 N. Central Avenue,,,,,nan,,,nan,,4419 S Faith Home Rd Turlock 2024 Dairy AR,2
,,,,,95374 19075 W. Third Ave.,,,,,nan,,,nan,,3928 W Linwood Turlock 2024 Dairy AR,1
,,,,,,,,,,nan,,,nan,,"18451 W Bradbury Rd, Turlock 2024 Dairy AR",1
,,,,,,,,,,nan,,,nan,,"18451 W Bradbury Rd, Turlock 2024 Dairy AR",2
,,,,,3136 W. Monte Vista Ave.,,,,,nan,,,nan,,7018 Vivian Rd Modesto 2024 Dairy AR,1
,,,,,19075 3rd Ave 95374 Stevinson Number and Street,,,,,nan,,,nan,,17265 Swanson Rd Delhi 2024 Dairy AR,1
,,,,,,,,,,nan,,,nan,,"2472 Gates Rd, Modesto 2024 Dairy AR",1
,,,,,,,,,,nan,,,nan,,"2472 Gates Rd, Modesto 2024 Dairy AR",2
,,,,,,,,,,nan,,,nan,,"2472 Gates Rd, Modesto 2024 Dairy AR",3
,,,,,,,,,,nan,,,nan,,"2472 Gates Rd, Modesto 2024 Dairy AR",4
,,,,,,,,,,nan,,,nan,,"2472 Gates Rd, Modesto 2024 Dairy AR",5
,,,,,400 N. Central Avenue,,,,,nan,,,nan,,11301 W Bradbury Rd Turlock 2024 Dairy AR,1
,,,,,750 East Ave Number and Street,,,,,nan,,,nan,,"3137 E Tuolumne Rd, Ceres 2024 Dairy AR",1
,,,,,400 N. Central Avenue,,,,,nan,,,nan,,12712 W Bradbury Rd Turlock 2024 Dairy AR,1
,,,,,,,,,,nan,,,nan,,"5837 Hultberg RD, Turlock 2024 Dairy AR",1
,,,,,,,,,,nan,,,nan,,"5837 Hultberg RD, Turlock 2024 Dairy AR",2
,,,,,750 East Ave Number and Street,,,,,nan,,,nan,,"5837 Hultberg RD, Turlock 2024 Dairy AR",3
,,,,,23616 Williams Avenue,,,,,nan,,,nan,,"22338 Short Rd, Hilmar 2024 Dairy AR",1
,,,,,,,,,,nan,,,nan,,"21480 August Ave, Hilmar 2024 Dairy AR",1
,,,,,,,,,,nan,,,nan,,"21480 August Ave, Hilmar 2024 Dairy AR",2
,,,,,21536 August Avenue,,,,,nan,,,nan,,"21480 August Ave, Hilmar 2024 Dairy AR",3
,,,,,21536 August Avenue,,,,,nan,,,nan,,"21480 August Ave, Hilmar 2024 Dairy AR",4
,,,,,,,,,,nan,,,nan,,6555 Blue Gum Rd Modeso 2024 Dairy AR,1
,,,,,,,,,,nan,,,nan,,6555 Blue Gum Rd Modeso 2024 Dairy AR,2
,,,,,,,,,,nan,,,nan,,6555 Blue Gum Rd Modeso 2024 Dairy AR,3
,,,,,,,,,,nan,,,nan,,6555 Blue Gum Rd Modeso 2024 Dairy AR,4
,,,,,,,,,,nan,,,nan,,6555 Blue Gum Rd Modeso 2024 Dairy AR,5
,,,,,,,,,,nan,,,nan,,6555 Blue Gum Rd Modeso 2024 Dairy AR,6
,,,,,,,,,,nan,,,nan,,6555 Blue Gum Rd Modeso 2024 Dairy AR,7
,,,,,,,,,,nan,,,nan,,"5600 Clayton Rd, Turlock 2024 Dairy AR",1
,,,,,,,,,,nan,,,nan,,"5600 Clayton Rd, Turlock 2024 Dairy AR",2
,,,,,4505 N. McCullagh Road,,,,,nan,,,nan,,"18254 N. First Ave, Stevinson 2024 Dairy AR",1
,,,,,4505 N. McCullagh Road,,,,,nan,,,nan,,"18254 N. First Ave, Stevinson 2024 Dairy AR",2
,,,,,5026 Christofferson Road,,,,,nan,,,nan,,6025 Hultberg Rd Turlock 2024 Dairy AR,1
,,,,,750 East Ave,,,,,nan,,,nan,,6025 Hultberg Rd Turlock 2024 Dairy AR,2
,,,,,750 East Ave,,,,,nan,,,nan,,6025 Hultberg Rd Turlock 2024 Dairy AR,3
,,,,,9579 Hultberg Rd,,,,,nan,,,nan,,6025 Hultberg Rd Turlock 2024 Dairy AR,4
,,,,,9579 Hultberg Rd,,,,,nan,,,nan,,6025 Hultberg Rd Turlock 2024 Dairy AR,5
,,,,,,,,,,nan,,,nan,,"5297 Kelley Rd, Hilmar 2024 Dairy AR",1
,,,,,,,,,,nan,,,nan,,12997 E Peltier Rd Acampo 2024 Dairy AR,1
,,,,,,,,,,nan,,,nan,,12997 E Peltier Rd Acampo 2024 Dairy AR,2
,,,,,,,,,,nan,,,nan,,12997 E Peltier Rd Acampo 2024 Dairy AR,3
,,,,,,,,,,nan,,,nan,,12997 E Peltier Rd Acampo 2024 Dairy AR,4
,,,,,,,,,,nan,,,nan,,12997 E Peltier Rd Acampo 2024 Dairy AR,5
,,,,,,,,,,nan,,,nan,,12997 E Peltier Rd Acampo 2024 Dairy AR,6
,,,,,,,,,,nan,,,nan,,12997 E Peltier Rd Acampo 2024 Dairy AR,7
,,,,,,,,,,nan,,,nan,,12997 E Peltier Rd Acampo 2024 Dairy AR,8
,,,,,19481 Geer Avenue,,,,,nan,,,nan,,"19104 Crane Ave, Hilmar 2024 Dairy AR",1
,,,,,,,,,,nan,,,nan,,"22014 Turner Ave, Hilmar 2024 Dairy AR",1
,,,,,,,,,,nan,,,nan,,"22014 Turner Ave, Hilmar 2024 Dairy AR",2
,,,,,,,,,,nan,,,nan,,"22014 Turner Ave, Hilmar 2024 Dairy AR",3
,,,,,,,,,,nan,,,nan,,6756 County Rd 30 Orland 2024 Dairy AR,1
,,,,,,,,,,nan,,,nan,,6756 County Rd 30 Orland 2024 Dairy AR,2
,,,,,23616 Williams Avenue,,,,,nan,,,nan,,22578 W Henry Miller Rd Los Banos 2024 Dairy AR,1
,,,,,,,,,,nan,,,nan,,3645 W Bradshaw Rd Atwater 2024 Dairy AR,1
,,,,,23616 Williams Avenue,,,,,nan,,,nan,,"9735 Washington Rd, Hilmar 2024 Dairy AR",1
,,,,,,,,,,nan,,,nan,,7755 Midway Rd Dixon 2024 Dairy AR,1
,,,,,,,,,,nan,,,nan,,2024AR_Solo Dairy_11495 Jumper Ave_Kern,1
,,,,,,,,,,nan,,,nan,,2024AR_Skyview Dairy_28989 Riverside St_Kern,1
,,,,,,,,,,nan,,,nan,,2024AR_Whiteside Dairy_16461 Scofield Ave_Kern,1
,,,,,,,,,,nan,,,nan,,2024AR_Oasis Holsteins Dairy_18041 Palm Ave_Kern,1
,,,,,,,,,,nan,,,nan,,2024AR_Goyenetche Dairy LLC_6041 Brandt Rd_Kern,1
,,,,,,,,,,nan,,,nan,,2024AR_Tjaarda Dairy_19211 Magnolia Ave_Kern,1
,,,,,,,,,,nan,,,nan,,2024AR_Cream Top Dairy_13075 Ave 200_Tulare,1
,,,,,,,,,,nan,,,nan,,2024AR_Triple H Dairy #1_13255 Ave 212_Tulare,1
,,,,,,,,,,nan,,,nan,,2024AR_Middle Ranch Facility_13805 Ave 160_Tulare,1
,,,,,,,,,,nan,,,nan,,2024AR_Mellema West Dairy_9232 Ave 320_Tulare,1
,,,,,,,,,,nan,,,nan,,2024AR_Fern Oak Farms Dairy_17001 Ave 160_Tulare,1
,,,,,,,,,,nan,,,nan,,2024AR_Tipton Dairy_196 Olive Ave_Tulare,1
,,,,,,,,,,nan,,,nan,,2024AR_Joe C Pires Jr Dairy_13806 Ave 152_Tulare,1
,,,,,,,,,,nan,,,nan,,2024AR_Ed Souza & Son Dairy_15390 Ave 244_Tulare,1
,,,,,,,,,,nan,,,nan,,2024AR_Lou-Mar Dairy_14870 Ave 152_Tulare,1
,,,,,,,,,,nan,,,nan,,2024AR_Mellema Dairy_9420 Ave 320_Tulare,1
,,,,,,,,,,nan,,,nan,,2024AR_FM Ranch #3_1474 Hwy 99_Tulare,1
,,,,,,,,,,nan,,,nan,,2024AR_Faria Farms Inc. Dairy_13927 Rd 136_Tulare,1
,,,,,,,,,,nan,,,nan,,2024AR_Santos Jer-Z Dairy_Tulare,1
,,,,,,,,,,nan,,,nan,,2024AR_Yettem Dairy_37943 Rd 144_Tulare,1
,,,,,,,,,,nan,,,nan,,2024AR_Hilarides Dairy_24163 Rd 188_Tulare,1
,,,,,,,,,,nan,,,nan,,2024AR_Tri Bak Dairy LLC_9045 Ave 368_Tulare,1
,,,,,,,,,,nan,,,nan,,2024AR_Mendonsa Family Farms Dairy_12750 Ave 160_Tulare,1
,,,,,,,,,,nan,,,nan,,2024AR_De Jong Dairy Farms Inc_13076 Ave 368_Tulare,1
,,,,,,,,,,nan,,,nan,,2024AR_Five Star Dairy_14552 Ave 152_Tulare,1
,,,,,,,,,,nan,,,nan,,2024AR_Rainimade Dairy_33640 Rd 124_Tulare,1
,,,,,,,,,,nan,,,nan,,2024AR_Shirk Dairy_2820 S Shirk Rd_Tulare,1
,,,,,,,,,,nan,,,nan,,2024AR_Rainimade Dairy #2_34308 Rd 124_Tulare,1
,,,,,,,,,,nan,,,nan,,2024AR_Mountain View Dairy_37455 Rd 144_Tulare,1
,,,,,,,,,,nan,,,nan,,2024AR_Mellema Calf Ranch_32210 Rd 92_Tulare,1
,,,,,,,,,,nan,,,nan,,2024AR_FM Jersey Dairy_16301 Rd 124_Tulare,1
,,,,,,,,,,nan,,,nan,,2024AR_GTA Dairy_16197 Ave 172_Tulare,1
,,,,,,,,,,nan,,,nan,,2024AR_Elkhorn Dairy_10400 Ave 368_Tulare,1
,,,,,,,,,,nan,,,nan,,2024AR_Fernridge Farms_11679 Ave 200_Tulare,1
,,,,,,,,,,nan,,,nan,,2024AR_Dairyland Farms Dairy_15982 RD 152_Tulare,1
,,,,,,,,,,nan,,,nan,,2024AR_Double M Jerseys_11595 Ave 164_Tulare,1
,,,,,,,,,,nan,,,nan,,2024AR_Pires Dairy_13464 Ave 152_Tulare,1
,,,,,,,,,,nan,,,nan,,2024AR_S&A Dairy_13243 Houston Ave_Kings,1
,,,,,,,,,,nan,,,nan,,2024AR_Diamond D LLC Dairy_9423 Idaho Ave_Kings,1
,,,,,,,,,,nan,,,nan,,2024AR_MF Rosa Dairy_10090 2nd Ave_Kings,1
,,,,,,,,,,nan,,,nan,,2024AR_Moonstone Dairy_1305 Iona Avenue_Kings,1
,,,,,,,,,,nan,,,nan,,2024AR_Cunha Dairy #1_6680 16th Ave_Kings,1
,,,,,,,,,,nan,,,nan,,2024AR_Vitor Borba Dairy #2_16452 11th Ave_Kings,1
,,,,,,,,,,nan,,,nan,,2024AR_West Creek Dairy_8409 5th Ave_Kings,1
,,,,,,,,,,nan,,,nan,,2024AR_Vitor Borba Dairy_7721 Flint Ave_Kings,1
,,,,,,,,,,nan,,,nan,,2024AR_Bill Idsinga Dairy_4595 Houston Ave_Kings,1
,,,,,,,,,,nan,,,nan,,2024AR_Vitor Borba Heifers,1
,,,,,,,,,,nan,,,nan,,2024AR_DJ Dairy_4390 Avenue 352_W Tulare,1
,,,,,,,,,,nan,,,nan,,2024AR_Jer-Z Boys Dairy #1_11001 Avenue 112_W Tulare,1
,,,,,,,,,,nan,,,nan,,2024AR_Scalia Inc._21399 Road 76_W Tulare,1
,,,,,,,,,,nan,,,nan,,2024AR_Scalia Inc._7405 Avenue 216_W Tulare,1
,,,,,,,,,,nan,,,nan,,2024AR_LegenDairy Farms Dairy_14685 Road 96_W Tulare,1
,,,,,,,,,,nan,,,nan,,2024AR_LegenDairy South_8360 Avenue 144_W Tulare,1
,,,,,,,,,,nan,,,nan,,2024AR_JZB #2 Heifer Ranch_20798 Road 28_W Tulare,1
,,,,,,,,,,nan,,,nan,,2024AR_Valov Brothers Farms LP_2865 West Prosperity Avenue_W Tulare,1
